"Sector ID","Full sector name","Sector cluster name (April 2023 onwards)","Sector cluster name (before April 2023)","name","Sub sector name","Sub sub sector name","Start date","End date"
"SL0001","Advanced engineering","Sustainability and Infrastructure","Technology and Advanced Manufacturing","Advanced engineering","","","",""
"SL0002","Advanced engineering : Mechanical, electrical and process engineering","Sustainability and Infrastructure","Technology and Advanced Manufacturing","Advanced engineering","Mechanical, electrical and process engineering","","",""
"SL0003","Advanced engineering : Metallurgical process plant","Sustainability and Infrastructure","Technology and Advanced Manufacturing","Advanced engineering","Metallurgical process plant","","",""
"SL0004","Advanced engineering : Metals, minerals and materials","Sustainability and Infrastructure","Technology and Advanced Manufacturing","Advanced engineering","Metals, minerals and materials","","",""
"SL0005","Advanced engineering : Metals, minerals and materials : Ceramics","Sustainability and Infrastructure","Technology and Advanced Manufacturing","Advanced engineering","Metals, minerals and materials","Ceramics","",""
"SL0006","Advanced engineering : Metals, minerals and materials : Composite materials","Sustainability and Infrastructure","Technology and Advanced Manufacturing","Advanced engineering","Metals, minerals and materials","Composite materials","",""
"SL0007","Advanced engineering : Metals, minerals and materials : Elastomers and rubbers","Sustainability and Infrastructure","Technology and Advanced Manufacturing","Advanced engineering","Metals, minerals and materials","Elastomers and rubbers","",""
"SL0008","Advanced engineering : Metals, minerals and materials : Metals","Sustainability and Infrastructure","Technology and Advanced Manufacturing","Advanced engineering","Metals, minerals and materials","Metals","",""
"SL0009","Advanced engineering : Metals, minerals and materials : Minerals","Sustainability and Infrastructure","Technology and Advanced Manufacturing","Advanced engineering","Metals, minerals and materials","Minerals","",""
"SL0010","Advanced engineering : Metals, minerals and materials : Plastics","Sustainability and Infrastructure","Technology and Advanced Manufacturing","Advanced engineering","Metals, minerals and materials","Plastics","",""
"SL0011","Aerospace","Sustainability and Infrastructure","Technology and Advanced Manufacturing","Aerospace","","","",""
"SL0012","Aerospace : Aircraft design","Sustainability and Infrastructure","Technology and Advanced Manufacturing","Aerospace","Aircraft design","","",""
"SL0013","Aerospace : Component manufacturing","Sustainability and Infrastructure","Technology and Advanced Manufacturing","Aerospace","Component manufacturing","","",""
"SL0015","Aerospace : Component manufacturing : Engines","Sustainability and Infrastructure","Technology and Advanced Manufacturing","Aerospace","Component manufacturing","Engines","",""
"SL0017","Aerospace : Maintenance","Sustainability and Infrastructure","Technology and Advanced Manufacturing","Aerospace","Maintenance","","",""
"SL0018","Aerospace : Manufacturing and assembly","Sustainability and Infrastructure","Technology and Advanced Manufacturing","Aerospace","Manufacturing and assembly","","",""
"SL0019","Aerospace : Manufacturing and assembly : Aircraft","Sustainability and Infrastructure","Technology and Advanced Manufacturing","Aerospace","Manufacturing and assembly","Aircraft","",""
"SL0021","Aerospace : Manufacturing and assembly : Unmanned aerial vehicles","Sustainability and Infrastructure","Technology and Advanced Manufacturing","Aerospace","Manufacturing and assembly","Unmanned aerial vehicles","",""
"SL0022","Agriculture, horticulture, fisheries and pets","Agriculture, Food and Drink","Healthcare, Life sciences and Bio-Economy","Agriculture, horticulture, fisheries and pets","","","",""
"SL0023","Agriculture, horticulture, fisheries and pets : Advisory services","Agriculture, Food and Drink","Healthcare, Life sciences and Bio-Economy","Agriculture, horticulture, fisheries and pets","Advisory services","","",""
"SL0024","Agriculture, horticulture, fisheries and pets : Arable crops","Agriculture, Food and Drink","Healthcare, Life sciences and Bio-Economy","Agriculture, horticulture, fisheries and pets","Arable crops","","",""
"SL0025","Agriculture, horticulture, fisheries and pets : Arable crops : Fertilisers and pesticides","Agriculture, Food and Drink","Healthcare, Life sciences and Bio-Economy","Agriculture, horticulture, fisheries and pets","Arable crops","Fertilisers and pesticides","",""
"SL0027","Agriculture, horticulture, fisheries and pets : Arable crops : Seeds and plant varieties","Agriculture, Food and Drink","Healthcare, Life sciences and Bio-Economy","Agriculture, horticulture, fisheries and pets","Arable crops","Seeds and plant varieties","",""
"SL0028","Agriculture, horticulture, fisheries and pets : Arable crops : Soil management systems","Agriculture, Food and Drink","Healthcare, Life sciences and Bio-Economy","Agriculture, horticulture, fisheries and pets","Arable crops","Soil management systems","",""
"SL0029","Agriculture, horticulture, fisheries and pets : Engineering and precision farming","Agriculture, Food and Drink","Healthcare, Life sciences and Bio-Economy","Agriculture, horticulture, fisheries and pets","Engineering and precision farming","","",""
"SL0030","Agriculture, horticulture, fisheries and pets : Engineering and precision farming : Machinery","Agriculture, Food and Drink","Healthcare, Life sciences and Bio-Economy","Agriculture, horticulture, fisheries and pets","Engineering and precision farming","Machinery","",""
"SL0031","Agriculture, horticulture, fisheries and pets : Engineering and precision farming : Technology","Agriculture, Food and Drink","Healthcare, Life sciences and Bio-Economy","Agriculture, horticulture, fisheries and pets","Engineering and precision farming","Technology","",""
"SL0032","Agriculture, horticulture, fisheries and pets : Fisheries and aquaculture","Agriculture, Food and Drink","Healthcare, Life sciences and Bio-Economy","Agriculture, horticulture, fisheries and pets","Fisheries and aquaculture","","",""
"SL0036","Agriculture, horticulture, fisheries and pets : Forestry and logging","Agriculture, Food and Drink","Healthcare, Life sciences and Bio-Economy","Agriculture, horticulture, fisheries and pets","Forestry and logging","","",""
"SL0037","Agriculture, horticulture, fisheries and pets : Horticulture","Agriculture, Food and Drink","Healthcare, Life sciences and Bio-Economy","Agriculture, horticulture, fisheries and pets","Horticulture","","",""
"SL0038","Agriculture, horticulture, fisheries and pets : Horticulture : Fruit and vegetable production","Agriculture, Food and Drink","Healthcare, Life sciences and Bio-Economy","Agriculture, horticulture, fisheries and pets","Horticulture","Fruit and vegetable production","",""
"SL0040","Agriculture, horticulture, fisheries and pets : Infrastructure","Agriculture, Food and Drink","Healthcare, Life sciences and Bio-Economy","Agriculture, horticulture, fisheries and pets","Infrastructure","","",""
"SL0044","Agriculture, horticulture, fisheries and pets : Livestock, pets and horses","Agriculture, Food and Drink","Healthcare, Life sciences and Bio-Economy","Agriculture, horticulture, fisheries and pets","Livestock, pets and horses","","",""
"SL0045","Agriculture, horticulture, fisheries and pets : Livestock, pets and horses : Breeding stock and genetics","Agriculture, Food and Drink","Healthcare, Life sciences and Bio-Economy","Agriculture, horticulture, fisheries and pets","Livestock, pets and horses","Breeding stock and genetics","",""
"SL0046","Agriculture, horticulture, fisheries and pets : Livestock, pets and horses : Health, welfare and veterinary services","Agriculture, Food and Drink","Healthcare, Life sciences and Bio-Economy","Agriculture, horticulture, fisheries and pets","Livestock, pets and horses","Health, welfare and veterinary services","",""
"SL0047","Agriculture, horticulture, fisheries and pets : Livestock, pets and horses : Livestock feed and nutrition","Agriculture, Food and Drink","Healthcare, Life sciences and Bio-Economy","Agriculture, horticulture, fisheries and pets","Livestock, pets and horses","Livestock feed and nutrition","",""
"SL0049","Airports","Sustainability and Infrastructure","Energy and infrastructure","Airports","","","",""
"SL0358","Airports : Air freight and cargo services","Sustainability and Infrastructure","Energy and infrastructure","Airports","Air freight and cargo services","","01/04/2021",""
"SL0359","Airports : Specialised airport vehicles and equipment","Sustainability and Infrastructure","Energy and infrastructure","Airports","Specialised airport vehicles and equipment","","01/04/2021",""
"SL0360","Airports : Airport security and equipment","Sustainability and Infrastructure","Energy and infrastructure","Airports","Airport security and equipment","","01/04/2021",""
"SL0361","Airports : Air traffic control and airspace management","Sustainability and Infrastructure","Energy and infrastructure","Airports","Air traffic control and airspace management","","01/04/2021",""
"SL0362","Airports : Airport management, flight and passenger operations","Sustainability and Infrastructure","Energy and infrastructure","Airports","Airport management, flight and passenger operations","","01/04/2021",""
"SL0363","Airports : Airport design, engineering, management and build","Sustainability and Infrastructure","Energy and infrastructure","Airports","Airport design, engineering, management and build","","01/04/2021",""
"SL0050","Automotive","Sustainability and Infrastructure","Technology and Advanced Manufacturing","Automotive","","","",""
"SL0051","Automotive : Component manufacturing","Sustainability and Infrastructure","Technology and Advanced Manufacturing","Automotive","Component manufacturing","","",""
"SL0052","Automotive : Component manufacturing : Bodies and coachwork","Sustainability and Infrastructure","Technology and Advanced Manufacturing","Automotive","Component manufacturing","Bodies and coachwork","",""
"SL0053","Automotive : Component manufacturing : Electronic components","Sustainability and Infrastructure","Technology and Advanced Manufacturing","Automotive","Component manufacturing","Electronic components","",""
"SL0054","Automotive : Component manufacturing : Engines and transmission","Sustainability and Infrastructure","Technology and Advanced Manufacturing","Automotive","Component manufacturing","Engines and transmission","",""
"SL0055","Automotive : Component manufacturing : Tyres","Sustainability and Infrastructure","Technology and Advanced Manufacturing","Automotive","Component manufacturing","Tyres","",""
"SL0056","Automotive : Design engineering","Sustainability and Infrastructure","Technology and Advanced Manufacturing","Automotive","Design engineering","","",""
"SL0057","Automotive : Maintenance","Sustainability and Infrastructure","Technology and Advanced Manufacturing","Automotive","Maintenance","","",""
"SL0058","Automotive : Manufacturing and assembly","Sustainability and Infrastructure","Technology and Advanced Manufacturing","Automotive","Manufacturing and assembly","","",""
"SL0059","Automotive : Manufacturing and assembly : Agricultural machinery","Sustainability and Infrastructure","Technology and Advanced Manufacturing","Automotive","Manufacturing and assembly","Agricultural machinery","",""
"SL0060","Automotive : Manufacturing and assembly : Bicycles","Sustainability and Infrastructure","Technology and Advanced Manufacturing","Automotive","Manufacturing and assembly","Bicycles","",""
"SL0061","Automotive : Manufacturing and assembly : Caravans","Sustainability and Infrastructure","Technology and Advanced Manufacturing","Automotive","Manufacturing and assembly","Caravans","",""
"SL0062","Automotive : Manufacturing and assembly : Cars","Sustainability and Infrastructure","Technology and Advanced Manufacturing","Automotive","Manufacturing and assembly","Cars","",""
"SL0065","Automotive : Manufacturing and assembly : Lorries","Sustainability and Infrastructure","Technology and Advanced Manufacturing","Automotive","Manufacturing and assembly","Lorries","",""
"SL0066","Automotive : Manufacturing and assembly : Motorcycles","Sustainability and Infrastructure","Technology and Advanced Manufacturing","Automotive","Manufacturing and assembly","Motorcycles","",""
"SL0067","Automotive : Manufacturing and assembly : Trailers","Sustainability and Infrastructure","Technology and Advanced Manufacturing","Automotive","Manufacturing and assembly","Trailers","",""
"SL0069","Automotive : Motorsport","Sustainability and Infrastructure","Technology and Advanced Manufacturing","Automotive","Motorsport","","",""
"SL0070","Automotive : Retail","Sustainability and Infrastructure","Technology and Advanced Manufacturing","Automotive","Retail","","",""
"SL0357","Automotive : Manufacturing and assembly : Buses","Sustainability and Infrastructure","Technology and Advanced Manufacturing","Automotive","Manufacturing and assembly","Buses","01/04/2021",""
"SL0385","Automotive : Component manufacturing : Connectivity and automation","Sustainability and Infrastructure","Technology and Advanced Manufacturing","Automotive","Component manufacturing","Connectivity and automation","01/04/2021",""
"SL0386","Automotive : Component manufacturing : Electric vehicle components","Sustainability and Infrastructure","Technology and Advanced Manufacturing","Automotive","Component manufacturing","Electric vehicle components","01/04/2021",""
"SL0071","Chemicals","Science and Technology","Healthcare, Life sciences and Bio-Economy","Chemicals","","","",""
"SL0348","Chemicals : Agricultural chemicals","Science and Technology","Healthcare, Life sciences and Bio-Economy","Chemicals","Agricultural chemicals","","",""
"SL0072","Chemicals : Basic chemicals","Science and Technology","Healthcare, Life sciences and Bio-Economy","Chemicals","Basic chemicals","","",""
"SL0073","Chemicals : Cleaning preparations","Science and Technology","Healthcare, Life sciences and Bio-Economy","Chemicals","Cleaning preparations","","",""
"SL0074","Chemicals : Miscellaneous chemicals","Science and Technology","Healthcare, Life sciences and Bio-Economy","Chemicals","Miscellaneous chemicals","","",""
"SL0075","Chemicals : Paint, coating and adhesive products","Science and Technology","Healthcare, Life sciences and Bio-Economy","Chemicals","Paint, coating and adhesive products","","",""
"SL0076","Chemicals : Synthetic materials","Science and Technology","Healthcare, Life sciences and Bio-Economy","Chemicals","Synthetic materials","","",""
"SL0379","Chemicals : Speciality and fine chemical ingredients","Science and Technology","Healthcare, Life sciences and Bio-Economy","Chemicals","Speciality and fine chemical ingredients","","01/04/2021",""
"SL0077","Construction","Sustainability and Infrastructure","Energy and infrastructure","Construction","","","",""
"SL0352","Construction : Pre-cast structural, fit-out and components","Sustainability and Infrastructure","Energy and infrastructure","Construction","Pre-cast structural, fit-out and components","","01/04/2021",""
"SL0353","Construction : New materials and technologies","Sustainability and Infrastructure","Energy and infrastructure","Construction","New materials and technologies","","01/04/2021",""
"SL0354","Construction : Construction materials, equipment and tools","Sustainability and Infrastructure","Energy and infrastructure","Construction","Construction materials, equipment and tools","","01/04/2021",""
"SL0355","Construction : Specialised construction vehicles","Sustainability and Infrastructure","Energy and infrastructure","Construction","Specialised construction vehicles","","01/04/2021",""
"SL0356","Construction : Design, engineering, management and build","Sustainability and Infrastructure","Energy and infrastructure","Construction","Design, engineering, management and build","","01/04/2021",""
"SL0078","Consumer and retail","Services and Skills","Creative, Lifestyle and Learning","Consumer and retail","","","",""
"SL0079","Consumer and retail : Clothing, footwear and fashion","Services and Skills","Creative, Lifestyle and Learning","Consumer and retail","Clothing, footwear and fashion","","",""
"SL0080","Consumer and retail : Clothing, footwear and fashion : Accessories, bags and luggage","Services and Skills","Creative, Lifestyle and Learning","Consumer and retail","Clothing, footwear and fashion","Accessories, bags and luggage","",""
"SL0081","Consumer and retail : Clothing, footwear and fashion : Children's apparel","Services and Skills","Creative, Lifestyle and Learning","Consumer and retail","Clothing, footwear and fashion","Children's apparel","",""
"SL0083","Consumer and retail : Clothing, footwear and fashion : Men's apparel","Services and Skills","Creative, Lifestyle and Learning","Consumer and retail","Clothing, footwear and fashion","Men's apparel","",""
"SL0085","Consumer and retail : Clothing, footwear and fashion : Sports and leisurewear","Services and Skills","Creative, Lifestyle and Learning","Consumer and retail","Clothing, footwear and fashion","Sports and leisurewear","",""
"SL0086","Consumer and retail : Clothing, footwear and fashion : Women's apparel","Services and Skills","Creative, Lifestyle and Learning","Consumer and retail","Clothing, footwear and fashion","Women's apparel","",""
"SL0088","Consumer and retail : Cosmetics and beauty","Services and Skills","Creative, Lifestyle and Learning","Consumer and retail","Cosmetics and beauty","","",""
"SL0100","Consumer and retail : Electronic consumer products","Services and Skills","Creative, Lifestyle and Learning","Consumer and retail","Electronic consumer products","","",""
"SL0089","Consumer and retail : Furniture and furnishings","Services and Skills","Creative, Lifestyle and Learning","Consumer and retail","Furniture and furnishings","","",""
"SL0090","Consumer and retail : Giftware","Services and Skills","Creative, Lifestyle and Learning","Consumer and retail","Giftware","","",""
"SL0091","Consumer and retail : Household goods","Services and Skills","Creative, Lifestyle and Learning","Consumer and retail","Household goods","","",""
"SL0092","Consumer and retail : Jewellery","Services and Skills","Creative, Lifestyle and Learning","Consumer and retail","Jewellery","","",""
"SL0093","Consumer and retail : Leisure and tourism","Services and Skills","Creative, Lifestyle and Learning","Consumer and retail","Leisure and tourism","","",""
"SL0095","Consumer and retail : Leisure and tourism : Hotels and hospitality","Services and Skills","Creative, Lifestyle and Learning","Consumer and retail","Leisure and tourism","Hotels and hospitality","",""
"SL0096","Consumer and retail : Leisure and tourism : Travel","Services and Skills","Creative, Lifestyle and Learning","Consumer and retail","Leisure and tourism","Travel","",""
"SL0097","Consumer and retail : Luxury","Services and Skills","Creative, Lifestyle and Learning","Consumer and retail","Luxury","","",""
"SL0098","Consumer and retail : Supermarkets","Services and Skills","Creative, Lifestyle and Learning","Consumer and retail","Supermarkets","","",""
"SL0099","Consumer and retail : Tableware","Services and Skills","Creative, Lifestyle and Learning","Consumer and retail","Tableware","","",""
"SL0101","Consumer and retail : Textiles, interior textiles and carpets","Services and Skills","Creative, Lifestyle and Learning","Consumer and retail","Textiles, interior textiles and carpets","","",""
"SL0107","Consumer and retail : Books, printed media and stationery","Services and Skills","Creative, Lifestyle and Learning","Consumer and retail","Books, printed media and stationery","","01/04/2021",""
"SL0113","Consumer and retail : Musical instruments","Services and Skills","Creative, Lifestyle and Learning","Consumer and retail","Musical instruments","","01/04/2021",""
"SL0376","Consumer and retail : Toys","Services and Skills","Creative, Lifestyle and Learning","Consumer and retail","Toys","","01/04/2021",""
"SL0388","Consumer and retail : eCommerce","Services and Skills","Creative, Lifestyle and Learning","Consumer and retail","eCommerce","","01/04/2021",""
"SL0435","Consumer and retail : Clothing, footwear and fashion : Footwear","Services and Skills","Creative, Lifestyle and Learning","Consumer and retail","Clothing, footwear and fashion","Footwear","01/04/2021",""
"SL0102","Creative industries","Services and Skills","Creative, Lifestyle and Learning","Creative industries","","","",""
"SL0103","Creative industries : Advertising","Services and Skills","Creative, Lifestyle and Learning","Creative industries","Advertising","","",""
"SL0104","Creative industries : Animation","Services and Skills","Creative, Lifestyle and Learning","Creative industries","Animation","","",""
"SL0105","Creative industries : Antiques and antiquities","Services and Skills","Creative, Lifestyle and Learning","Creative industries","Antiques and antiquities","","",""
"SL0106","Creative industries : Art","Services and Skills","Creative, Lifestyle and Learning","Creative industries","Art","","",""
"SL0108","Creative industries : Design","Services and Skills","Creative, Lifestyle and Learning","Creative industries","Design","","",""
"SL0109","Creative industries : Design : Industrial design","Services and Skills","Creative, Lifestyle and Learning","Creative industries","Design","Industrial design","",""
"SL0110","Creative industries : Design : Interior design","Services and Skills","Creative, Lifestyle and Learning","Creative industries","Design","Interior design","",""
"SL0111","Creative industries : Digital services","Services and Skills","Creative, Lifestyle and Learning","Creative industries","Digital services","","01/04/2021",""
"SL0112","Creative industries : Equipment","Services and Skills","Creative, Lifestyle and Learning","Creative industries","Equipment","","",""
"SL0114","Creative industries : Equipment : Photo and cinema","Services and Skills","Creative, Lifestyle and Learning","Creative industries","Equipment","Photo and cinema","",""
"SL0115","Creative industries : Experience economy","Services and Skills","Creative, Lifestyle and Learning","Creative industries","Experience economy","","",""
"SL0117","Creative industries : Experience economy : Attractions","Services and Skills","Creative, Lifestyle and Learning","Creative industries","Experience economy","Attractions","",""
"SL0119","Creative industries : Film and TV","Services and Skills","Creative, Lifestyle and Learning","Creative industries","Film and TV","","",""
"SL0122","Creative industries : Film and TV : Production and finance","Services and Skills","Creative, Lifestyle and Learning","Creative industries","Film and TV","Production and finance","",""
"SL0123","Creative industries : Film and TV : Sales and distribution","Services and Skills","Creative, Lifestyle and Learning","Creative industries","Film and TV","Sales and distribution","",""
"SL0124","Creative industries : Games","Services and Skills","Creative, Lifestyle and Learning","Creative industries","Games","","",""
"SL0125","Creative industries : Games : Development","Services and Skills","Creative, Lifestyle and Learning","Creative industries","Games","Development","",""
"SL0126","Creative industries : Games : Esports","Services and Skills","Creative, Lifestyle and Learning","Creative industries","Games","Esports","",""
"SL0128","Creative industries : Immersive technology","Services and Skills","Creative, Lifestyle and Learning","Creative industries","Immersive technology","","",""
"SL0131","Creative industries : Music","Services and Skills","Creative, Lifestyle and Learning","Creative industries","Music","","",""
"SL0137","Creative industries : Performing arts","Services and Skills","Creative, Lifestyle and Learning","Creative industries","Performing arts","","",""
"SL0138","Creative industries : Publishing","Services and Skills","Creative, Lifestyle and Learning","Creative industries","Publishing","","",""
"SL0374","Creative industries : Digital services : Agencies","Services and Skills","Creative, Lifestyle and Learning","Creative industries","Digital services","Agencies","01/04/2021",""
"SL0375","Creative industries : Digital services : Social media platforms","Services and Skills","Creative, Lifestyle and Learning","Creative industries","Digital services","Social media platforms","01/04/2021",""
"SL0378","Creative industries : Film and TV : Visual effects (VFX) and motion graphics","Services and Skills","Creative, Lifestyle and Learning","Creative industries","Film and TV","Visual effects (VFX) and motion graphics","01/04/2021",""
"SL0380","Creative industries : Film and TV : Hardware","Services and Skills","Creative, Lifestyle and Learning","Creative industries","Film and TV","Hardware","01/04/2021",""
"SL0139","Defence","Defence and Security","Defence and Security","Defence","","","",""
"SL0389","Defence : Air : Support and maintenance","Defence and Security","Defence and Security","Defence","Air","Support and maintenance","01/04/2021",""
"SL0390","Defence : Air : Air electronic warfare","Defence and Security","Defence and Security","Defence","Air","Air electronic warfare","01/04/2021",""
"SL0391","Defence : Air : Platform protection","Defence and Security","Defence and Security","Defence","Air","Platform protection","01/04/2021",""
"SL0392","Defence : Air : Complex weapons","Defence and Security","Defence and Security","Defence","Air","Complex weapons","01/04/2021",""
"SL0393","Defence : Air : Battlespace management","Defence and Security","Defence and Security","Defence","Air","Battlespace management","01/04/2021",""
"SL0394","Defence : Air : Fast jet","Defence and Security","Defence and Security","Defence","Air","Fast jet","01/04/2021",""
"SL0395","Defence : Air : Aircrew training","Defence and Security","Defence and Security","Defence","Air","Aircrew training","01/04/2021",""
"SL0396","Defence : Air : Large aircraft","Defence and Security","Defence and Security","Defence","Air","Large aircraft","01/04/2021",""
"SL0397","Defence : Air : Intelligence surveillance target acquisition and reconnaissance (ISTAR)","Defence and Security","Defence and Security","Defence","Air","Intelligence surveillance target acquisition and reconnaissance (ISTAR)","01/04/2021",""
"SL0398","Defence : Air : Unmanned air systems (UAS)","Defence and Security","Defence and Security","Defence","Air","Unmanned air systems (UAS)","01/04/2021",""
"SL0399","Defence : Air","Defence and Security","Defence and Security","Defence","Air","","01/04/2021",""
"SL0400","Defence : Maritime : Non-traditional and development","Defence and Security","Defence and Security","Defence","Maritime","Non-traditional and development","01/04/2021",""
"SL0401","Defence : Maritime : Support and infrastructure","Defence and Security","Defence and Security","Defence","Maritime","Support and infrastructure","01/04/2021",""
"SL0402","Defence : Maritime : Maritime aviation","Defence and Security","Defence and Security","Defence","Maritime","Maritime aviation","01/04/2021",""
"SL0403","Defence : Maritime : Sub-surface","Defence and Security","Defence and Security","Defence","Maritime","Sub-surface","01/04/2021",""
"SL0404","Defence : Maritime : Surface","Defence and Security","Defence and Security","Defence","Maritime","Surface","01/04/2021",""
"SL0405","Defence : Maritime","Defence and Security","Defence and Security","Defence","Maritime","","01/04/2021",""
"SL0406","Defence : Land : Cyber","Defence and Security","Defence and Security","Defence","Land","Cyber","01/04/2021",""
"SL0407","Defence : Land : Counter explosive ordnance (C-EO)","Defence and Security","Defence and Security","Defence","Land","Counter explosive ordnance (C-EO)","01/04/2021",""
"SL0408","Defence : Land : Chemical, biological, radiological and nuclear (CBRN)","Defence and Security","Defence and Security","Defence","Land","Chemical, biological, radiological and nuclear (CBRN)","01/04/2021",""
"SL0409","Defence : Land : Combat support","Defence and Security","Defence and Security","Defence","Land","Combat support","01/04/2021",""
"SL0410","Defence : Land : Combat","Defence and Security","Defence and Security","Defence","Land","Combat","01/04/2021",""
"SL0411","Defence : Land","Defence and Security","Defence and Security","Defence","Land","","01/04/2021",""
"SL0412","Defence : Air : Ground based air defence (GBAD)","Defence and Security","Defence and Security","Defence","Air","Ground based air defence (GBAD)","01/04/2021",""
"SL0140","Education and training","Services and Skills","Creative, Lifestyle and Learning","Education and training","","","",""
"SL0141","Education and training : Curriculum, qualifications, assessment, inspection and quality assurance","Services and Skills","Creative, Lifestyle and Learning","Education and training","Curriculum, qualifications, assessment, inspection and quality assurance","","",""
"SL0142","Education and training : Early years","Services and Skills","Creative, Lifestyle and Learning","Education and training","Early years","","",""
"SL0143","Education and training : Educational technology","Services and Skills","Creative, Lifestyle and Learning","Education and training","Educational technology","","",""
"SL0144","Education and training : English language training","Services and Skills","Creative, Lifestyle and Learning","Education and training","English language training","","",""
"SL0145","Education and training : Higher education","Services and Skills","Creative, Lifestyle and Learning","Education and training","Higher education","","",""
"SL0149","Education and training : Higher education : Universities","Services and Skills","Creative, Lifestyle and Learning","Education and training","Higher education","Universities","",""
"SL0150","Education and training : Schools","Services and Skills","Creative, Lifestyle and Learning","Education and training","Schools","","",""
"SL0151","Education and training : Special educational needs and disabilities","Services and Skills","Creative, Lifestyle and Learning","Education and training","Special educational needs and disabilities","","",""
"SL0158","Education and training : Support services","Services and Skills","Creative, Lifestyle and Learning","Education and training","Support services","","",""
"SL0160","Education and training : Support services : Consultancy and professional services","Services and Skills","Creative, Lifestyle and Learning","Education and training","Support services","Consultancy and professional services","",""
"SL0161","Education and training : Support services : Equipment and supplies","Services and Skills","Creative, Lifestyle and Learning","Education and training","Support services","Equipment and supplies","",""
"SL0163","Education and training : Technical and vocational education and training","Services and Skills","Creative, Lifestyle and Learning","Education and training","Technical and vocational education and training","","",""
"SL0164","Education and training : Technical and vocational education and training : Colleges and further education","Services and Skills","Creative, Lifestyle and Learning","Education and training","Technical and vocational education and training","Colleges and further education","",""
"SL0169","Energy","Sustainability and Infrastructure","Energy and infrastructure","Energy","","","",""
"SL0170","Energy : Civil nuclear","Sustainability and Infrastructure","Energy and infrastructure","Energy","Civil nuclear","","",""
"SL0171","Energy : Civil nuclear : Decommissioning","Sustainability and Infrastructure","Energy and infrastructure","Energy","Civil nuclear","Decommissioning","01/04/2021",""
"SL0172","Energy : Oil and gas","Sustainability and Infrastructure","Energy and infrastructure","Energy","Oil and gas","","",""
"SL0173","Energy : Renewable energy","Sustainability and Infrastructure","Energy and infrastructure","Energy","Renewable energy","","",""
"SL0174","Energy : Renewable energy : Biomass","Sustainability and Infrastructure","Energy and infrastructure","Energy","Renewable energy","Biomass","",""
"SL0175","Energy : Renewable energy : Electrical networks","Sustainability and Infrastructure","Energy and infrastructure","Energy","Renewable energy","Electrical networks","",""
"SL0176","Energy : Renewable energy : Energy storage","Sustainability and Infrastructure","Energy and infrastructure","Energy","Renewable energy","Energy storage","",""
"SL0177","Energy : Renewable energy : Geothermal","Sustainability and Infrastructure","Energy and infrastructure","Energy","Renewable energy","Geothermal","",""
"SL0178","Energy : Renewable energy : Hydro","Sustainability and Infrastructure","Energy and infrastructure","Energy","Renewable energy","Hydro","",""
"SL0179","Energy : Renewable energy : Hydrogen","Sustainability and Infrastructure","Energy and infrastructure","Energy","Renewable energy","Hydrogen","",""
"SL0180","Energy : Renewable energy : Industrial decarbonisation","Sustainability and Infrastructure","Energy and infrastructure","Energy","Renewable energy","Industrial decarbonisation","",""
"SL0181","Energy : Renewable energy : Marine and tidal","Sustainability and Infrastructure","Energy and infrastructure","Energy","Renewable energy","Marine and tidal","",""
"SL0182","Energy : Renewable energy : Fixed-bottom offshore wind","Sustainability and Infrastructure","Energy and infrastructure","Energy","Renewable energy","Fixed-bottom offshore wind","01/04/2021",""
"SL0183","Energy : Renewable energy : Onshore wind","Sustainability and Infrastructure","Energy and infrastructure","Energy","Renewable energy","Onshore wind","",""
"SL0184","Energy : Renewable energy : Solar","Sustainability and Infrastructure","Energy and infrastructure","Energy","Renewable energy","Solar","",""
"SL0185","Energy : Renewable energy : Waste to value","Sustainability and Infrastructure","Energy and infrastructure","Energy","Renewable energy","Waste to value","",""
"SL0186","Energy : Renewable energy : Wave","Sustainability and Infrastructure","Energy and infrastructure","Energy","Renewable energy","Wave","",""
"SL0381","Energy : Renewable energy : Low carbon heating","Sustainability and Infrastructure","Energy and infrastructure","Energy","Renewable energy","Low carbon heating","01/04/2021",""
"SL0382","Energy : Civil nuclear : Waste management","Sustainability and Infrastructure","Energy and infrastructure","Energy","Civil nuclear","Waste management","01/04/2021",""
"SL0383","Energy : Oil and gas : Decommissioning","Sustainability and Infrastructure","Energy and infrastructure","Energy","Oil and gas","Decommissioning","01/04/2021",""
"SL0384","Energy : Oil and gas : Carbon capture technology and storage","Sustainability and Infrastructure","Energy and infrastructure","Energy","Oil and gas","Carbon capture technology and storage","01/04/2021",""
"SL0387","Energy : Civil nuclear : Advanced technologies and small modular reactors","Sustainability and Infrastructure","Energy and infrastructure","Energy","Civil nuclear","Advanced technologies and small modular reactors","01/04/2021",""
"SL0433","Energy : Renewable energy : Floating offshore wind","Sustainability and Infrastructure","Energy and infrastructure","Energy","Renewable energy","Floating offshore wind","01/04/2021",""
"SL0187","Environment","Sustainability and Infrastructure","Energy and infrastructure","Environment","","","",""
"SL0188","Environment : Air pollution and noise control","Sustainability and Infrastructure","Energy and infrastructure","Environment","Air pollution and noise control","","",""
"SL0189","Environment : Clean growth services","Sustainability and Infrastructure","Energy and infrastructure","Environment","Clean growth services","","",""
"SL0190","Environment : Environmental monitoring","Sustainability and Infrastructure","Energy and infrastructure","Environment","Environmental monitoring","","",""
"SL0191","Environment : Marine pollution control","Sustainability and Infrastructure","Energy and infrastructure","Environment","Marine pollution control","","",""
"SL0192","Environment : Sanitation and remediation","Sustainability and Infrastructure","Energy and infrastructure","Environment","Sanitation and remediation","","",""
"SL0193","Environment : Waste management and recycling","Sustainability and Infrastructure","Energy and infrastructure","Environment","Waste management and recycling","","",""
"SL0194","Financial and professional services","Services and Skills","Financial and Professional Services","Financial and professional services","","","",""
"SL0195","Financial and professional services : Accountancy services","Services and Skills","Financial and Professional Services","Financial and professional services","Accountancy services","","",""
"SL0198","Financial and professional services : Asset management","Services and Skills","Financial and Professional Services","Financial and professional services","Asset management","","",""
"SL0199","Financial and professional services : Banking","Services and Skills","Financial and Professional Services","Financial and professional services","Banking","","",""
"SL0200","Financial and professional services : Banking : Commercial banking","Services and Skills","Financial and Professional Services","Financial and professional services","Banking","Commercial banking","",""
"SL0201","Financial and professional services : Banking : Investment banking","Services and Skills","Financial and Professional Services","Financial and professional services","Banking","Investment banking","",""
"SL0202","Financial and professional services : Banking : Private banking","Services and Skills","Financial and Professional Services","Financial and professional services","Banking","Private banking","",""
"SL0203","Financial and professional services : Banking : Retail banking","Services and Skills","Financial and Professional Services","Financial and professional services","Banking","Retail banking","",""
"SL0341","Financial and professional services : Business and consumer services","Services and Skills","Financial and Professional Services","Financial and professional services","Business and consumer services","","",""
"SL0342","Financial and professional services : Business and consumer services : Commercial real estate services","Services and Skills","Financial and Professional Services","Financial and professional services","Business and consumer services","Commercial real estate services","",""
"SL0343","Financial and professional services : Business and consumer services : Contact centres","Services and Skills","Financial and Professional Services","Financial and professional services","Business and consumer services","Contact centres","",""
"SL0344","Financial and professional services : Business and consumer services : HR services","Services and Skills","Financial and Professional Services","Financial and professional services","Business and consumer services","HR services","",""
"SL0346","Financial and professional services : Business and consumer services : Marketing services","Services and Skills","Financial and Professional Services","Financial and professional services","Business and consumer services","Marketing services","",""
"SL0345","Financial and professional services : Business and consumer services : Market research","Services and Skills","Financial and Professional Services","Financial and professional services","Business and consumer services","Market research","",""
"SL0347","Financial and professional services : Business and consumer services : Shared service centres","Services and Skills","Financial and Professional Services","Financial and professional services","Business and consumer services","Shared service centres","",""
"SL0204","Financial and professional services : Capital markets","Services and Skills","Financial and Professional Services","Financial and professional services","Capital markets","","",""
"SL0205","Financial and professional services : Capital markets : Hedge funds","Services and Skills","Financial and Professional Services","Financial and professional services","Capital markets","Hedge funds","",""
"SL0206","Financial and professional services : Capital markets : Private equity","Services and Skills","Financial and Professional Services","Financial and professional services","Capital markets","Private equity","",""
"SL0207","Financial and professional services : Capital markets : Venture capital","Services and Skills","Financial and Professional Services","Financial and professional services","Capital markets","Venture capital","",""
"SL0208","Financial and professional services : Financial technology","Services and Skills","Financial and Professional Services","Financial and professional services","Financial technology","","",""
"SL0209","Financial and professional services : Foreign exchange","Services and Skills","Financial and Professional Services","Financial and professional services","Foreign exchange","","",""
"SL0210","Financial and professional services : Insurance","Services and Skills","Financial and Professional Services","Financial and professional services","Insurance","","",""
"SL0211","Financial and professional services : Insurance : Commercial insurance","Services and Skills","Financial and Professional Services","Financial and professional services","Insurance","Commercial insurance","",""
"SL0213","Financial and professional services : Insurance : Life insurance","Services and Skills","Financial and Professional Services","Financial and professional services","Insurance","Life insurance","",""
"SL0214","Financial and professional services : Insurance : Motor insurance","Services and Skills","Financial and Professional Services","Financial and professional services","Insurance","Motor insurance","",""
"SL0215","Financial and professional services : Insurance : Travel insurance","Services and Skills","Financial and Professional Services","Financial and professional services","Insurance","Travel insurance","",""
"SL0216","Financial and professional services : Legal services","Services and Skills","Financial and Professional Services","Financial and professional services","Legal services","","",""
"SL0217","Financial and professional services : Legal services : Commercial legal services","Services and Skills","Financial and Professional Services","Financial and professional services","Legal services","Commercial legal services","",""
"SL0219","Financial and professional services : Listings","Services and Skills","Financial and Professional Services","Financial and professional services","Listings","","",""
"SL0220","Financial and professional services : Management consultancy","Services and Skills","Financial and Professional Services","Financial and professional services","Management consultancy","","",""
"SL0425","Financial and professional services : Financial technology : Wealth technology","Services and Skills","Financial and Professional Services","Financial and professional services","Financial technology","Wealth technology","01/04/2021",""
"SL0426","Financial and professional services : Financial technology : Regulatory technology","Services and Skills","Financial and Professional Services","Financial and professional services","Financial technology","Regulatory technology","01/04/2021",""
"SL0427","Financial and professional services : Financial technology : Property technology","Services and Skills","Financial and Professional Services","Financial and professional services","Financial technology","Property technology","01/04/2021",""
"SL0428","Financial and professional services : Financial technology : Legal technology","Services and Skills","Financial and Professional Services","Financial and professional services","Financial technology","Legal technology","01/04/2021",""
"SL0429","Financial and professional services : Financial technology : Insurance technology","Services and Skills","Financial and Professional Services","Financial and professional services","Financial technology","Insurance technology","01/04/2021",""
"SL0430","Financial and professional services : Financial technology : Blockchain and digital currencies","Services and Skills","Financial and Professional Services","Financial and professional services","Financial technology","Blockchain and digital currencies","01/04/2021",""
"SL0431","Financial and professional services : Banking : Digital banking","Services and Skills","Financial and Professional Services","Financial and professional services","Banking","Digital banking","01/04/2021",""
"SL0094","Food and drink : Casual dining","Agriculture, Food and Drink","Creative, Lifestyle and Learning","Food and drink","Casual dining","","01/04/2021",""
"SL0221","Food and drink","Agriculture, Food and Drink","Creative, Lifestyle and Learning","Food and drink","","","",""
"SL0222","Food and drink : Alcoholic drinks","Agriculture, Food and Drink","Creative, Lifestyle and Learning","Food and drink","Alcoholic drinks","","",""
"SL0223","Food and drink : Bakery products","Agriculture, Food and Drink","Creative, Lifestyle and Learning","Food and drink","Bakery products","","",""
"SL0224","Food and drink : Brewing","Agriculture, Food and Drink","Creative, Lifestyle and Learning","Food and drink","Brewing","","",""
"SL0225","Food and drink : Dairy products","Agriculture, Food and Drink","Creative, Lifestyle and Learning","Food and drink","Dairy products","","",""
"SL0232","Food and drink : Food and drink manufacturing","Agriculture, Food and Drink","Creative, Lifestyle and Learning","Food and drink","Food and drink manufacturing","","",""
"SL0226","Food and drink : Free from","Agriculture, Food and Drink","Creative, Lifestyle and Learning","Food and drink","Free from","","",""
"SL0227","Food and drink : Frozen and chilled foods","Agriculture, Food and Drink","Creative, Lifestyle and Learning","Food and drink","Frozen and chilled foods","","",""
"SL0228","Food and drink : Fruit and vegetables","Agriculture, Food and Drink","Creative, Lifestyle and Learning","Food and drink","Fruit and vegetables","","",""
"SL0229","Food and drink : Meat products","Agriculture, Food and Drink","Creative, Lifestyle and Learning","Food and drink","Meat products","","",""
"SL0230","Food and drink : Non-alcoholic drinks","Agriculture, Food and Drink","Creative, Lifestyle and Learning","Food and drink","Non-alcoholic drinks","","",""
"SL0231","Food and drink : Organic","Agriculture, Food and Drink","Creative, Lifestyle and Learning","Food and drink","Organic","","",""
"SL0233","Food and drink : Pet food","Agriculture, Food and Drink","Creative, Lifestyle and Learning","Food and drink","Pet food","","",""
"SL0234","Food and drink : Ready meals","Agriculture, Food and Drink","Creative, Lifestyle and Learning","Food and drink","Ready meals","","",""
"SL0235","Food and drink : Secondary food processing","Agriculture, Food and Drink","Creative, Lifestyle and Learning","Food and drink","Secondary food processing","","",""
"SL0236","Healthcare services","Science and Technology","Healthcare, Life sciences and Bio-Economy","Healthcare services","","","",""
"SL0238","Healthcare services : Digital and data","Science and Technology","Healthcare, Life sciences and Bio-Economy","Healthcare services","Digital and data","","",""
"SL0239","Healthcare services : Education and training","Science and Technology","Healthcare, Life sciences and Bio-Economy","Healthcare services","Education and training","","",""
"SL0240","Healthcare services : Health systems management","Science and Technology","Healthcare, Life sciences and Bio-Economy","Healthcare services","Health systems management","","",""
"SL0241","Healthcare services : Infrastructure","Science and Technology","Healthcare, Life sciences and Bio-Economy","Healthcare services","Infrastructure","","",""
"SL0242","Healthcare services : Lab services","Science and Technology","Healthcare, Life sciences and Bio-Economy","Healthcare services","Lab services","","",""
"SL0244","Healthcare services : Social care","Science and Technology","Healthcare, Life sciences and Bio-Economy","Healthcare services","Social care","","",""
"SL0432","Logistics","Sustainability and Infrastructure","Logistics","Logistics","","","01/04/2021",""
"SL0245","Maritime","Defence and Security","Technology and Advanced Manufacturing","Maritime","","","",""
"SL0246","Maritime : Marine engineering","Defence and Security","Technology and Advanced Manufacturing","Maritime","Marine engineering","","",""
"SL0258","Maritime : Marine engineering : Ports and terminals","Defence and Security","Technology and Advanced Manufacturing","Maritime","Marine engineering","Ports and terminals","",""
"SL0261","Maritime : Maritime services","Defence and Security","Technology and Advanced Manufacturing","Maritime","Maritime services","","",""
"SL0274","Medical devices and equipment","Science and Technology","Healthcare, Life sciences and Bio-Economy","Medical devices and equipment","","","",""
"SL0275","Medical devices and equipment : Medical supplies and equipment","Science and Technology","Healthcare, Life sciences and Bio-Economy","Medical devices and equipment","Medical supplies and equipment","","01/04/2021",""
"SL0276","Medical devices and equipment : Digital and data","Science and Technology","Healthcare, Life sciences and Bio-Economy","Medical devices and equipment","Digital and data","","",""
"SL0277","Medical devices and equipment : Devices","Science and Technology","Healthcare, Life sciences and Bio-Economy","Medical devices and equipment","Devices","","01/04/2021",""
"SL0278","Medical devices and equipment : Diagnostics","Science and Technology","Healthcare, Life sciences and Bio-Economy","Medical devices and equipment","Diagnostics","","01/04/2021",""
"SL0279","Mining","Sustainability and Infrastructure","Energy and infrastructure","Mining","","","",""
"SL0368","Mining : Mine waste management","Sustainability and Infrastructure","Energy and infrastructure","Mining","Mine waste management","","01/04/2021",""
"SL0369","Mining : Environmental monitoring and mine safety","Sustainability and Infrastructure","Energy and infrastructure","Mining","Environmental monitoring and mine safety","","01/04/2021",""
"SL0370","Mining : Mining vehicles, transport and equipment","Sustainability and Infrastructure","Energy and infrastructure","Mining","Mining vehicles, transport and equipment","","01/04/2021",""
"SL0371","Mining : Mine infrastructure and energy supply","Sustainability and Infrastructure","Energy and infrastructure","Mining","Mine infrastructure and energy supply","","01/04/2021",""
"SL0372","Mining : Mine operations and processing","Sustainability and Infrastructure","Energy and infrastructure","Mining","Mine operations and processing","","01/04/2021",""
"SL0373","Mining : Exploration, research, finance and innovation","Sustainability and Infrastructure","Energy and infrastructure","Mining","Exploration, research, finance and innovation","","01/04/2021",""
"SL0280","Pharmaceuticals and biotechnology","Science and Technology","Healthcare, Life sciences and Bio-Economy","Pharmaceuticals and biotechnology","","","",""
"SL0281","Pharmaceuticals and biotechnology : Digital and data","Science and Technology","Healthcare, Life sciences and Bio-Economy","Pharmaceuticals and biotechnology","Digital and data","","",""
"SL0282","Pharmaceuticals and biotechnology : Manufacturing","Science and Technology","Healthcare, Life sciences and Bio-Economy","Pharmaceuticals and biotechnology","Manufacturing","","",""
"SL0283","Pharmaceuticals and biotechnology : Marketing and sales","Science and Technology","Healthcare, Life sciences and Bio-Economy","Pharmaceuticals and biotechnology","Marketing and sales","","",""
"SL0284","Pharmaceuticals and biotechnology : Professional services","Science and Technology","Healthcare, Life sciences and Bio-Economy","Pharmaceuticals and biotechnology","Professional services","","",""
"SL0285","Pharmaceuticals and biotechnology : Research and development","Science and Technology","Healthcare, Life sciences and Bio-Economy","Pharmaceuticals and biotechnology","Research and development","","",""
"SL0286","Railways","Sustainability and Infrastructure","Energy and infrastructure","Railways","","","",""
"SL0364","Railways : Operations and maintenance","Sustainability and Infrastructure","Energy and infrastructure","Railways","Operations and maintenance","","01/04/2021",""
"SL0365","Railways : Systems, rolling stock, equipment, plant and parts","Sustainability and Infrastructure","Energy and infrastructure","Railways","Systems, rolling stock, equipment, plant and parts","","01/04/2021",""
"SL0366","Railways : Construction, fabrication and installation","Sustainability and Infrastructure","Energy and infrastructure","Railways","Construction, fabrication and installation","","01/04/2021",""
"SL0367","Railways : Planning, design and project delivery","Sustainability and Infrastructure","Energy and infrastructure","Railways","Planning, design and project delivery","","01/04/2021",""
"SL0434","Railways : Strategic rail consultancy and advice","Sustainability and Infrastructure","Energy and infrastructure","Railways","Strategic rail consultancy and advice","","01/04/2021",""
"SL0287","Security","Defence and Security","Defence and Security","Security","","","",""
"SL0288","Security : Cyber security","Defence and Security","Defence and Security","Security","Cyber security","","",""
"SL0413","Security : Cyber security : Threat intelligence, monitoring, detection and analysis","Defence and Security","Defence and Security","Security","Cyber security","Threat intelligence, monitoring, detection and analysis","01/04/2021",""
"SL0414","Security : Cyber security : Supervisory control and data acquisition (SCADA) and industrial control systems (ICS)","Defence and Security","Defence and Security","Security","Cyber security","Supervisory control and data acquisition (SCADA) and industrial control systems (ICS)","01/04/2021",""
"SL0415","Security : Cyber security : Network security","Defence and Security","Defence and Security","Security","Cyber security","Network security","01/04/2021",""
"SL0416","Security : Cyber security : Internet of things (IoT) security","Defence and Security","Defence and Security","Security","Cyber security","Internet of things (IoT) security","01/04/2021",""
"SL0417","Security : Cyber security : Identification, authentication and access control","Defence and Security","Defence and Security","Security","Cyber security","Identification, authentication and access control","01/04/2021",""
"SL0418","Security : Cyber security : Endpoint security","Defence and Security","Defence and Security","Security","Cyber security","Endpoint security","01/04/2021",""
"SL0419","Security : Cyber security : Cyber professional services","Defence and Security","Defence and Security","Security","Cyber security","Cyber professional services","01/04/2021",""
"SL0420","Security : Physical security : Major events security","Defence and Security","Defence and Security","Security","Physical security","Major events security","01/04/2021",""
"SL0421","Security : Physical security : Border security","Defence and Security","Defence and Security","Security","Physical security","Border security","01/04/2021",""
"SL0422","Security : Physical security : First responders","Defence and Security","Defence and Security","Security","Physical security","First responders","01/04/2021",""
"SL0423","Security : Physical security : Infrastructure","Defence and Security","Defence and Security","Security","Physical security","Infrastructure","01/04/2021",""
"SL0424","Security : Physical security","Defence and Security","Defence and Security","Security","Physical security","","01/04/2021",""
"SL0289","Space","Sustainability and Infrastructure","Technology and Advanced Manufacturing","Space","","","",""
"SL0290","Space : Component manufacturing","Sustainability and Infrastructure","Technology and Advanced Manufacturing","Space","Component manufacturing","","",""
"SL0298","Space : Services","Sustainability and Infrastructure","Technology and Advanced Manufacturing","Space","Services","","",""
"SL0305","Sports economy","Services and Skills","Creative, Lifestyle and Learning","Sports economy","","","",""
"SL0306","Sports economy : Major sports events","Services and Skills","Creative, Lifestyle and Learning","Sports economy","Major sports events","","",""
"SL0308","Sports economy : Sports infrastructure","Services and Skills","Creative, Lifestyle and Learning","Sports economy","Sports infrastructure","","",""
"SL0312","Technology and smart cities","Science and Technology","Technology and Advanced Manufacturing","Technology and smart cities","","","",""
"SL0313","Technology and smart cities : Communications","Science and Technology","Technology and Advanced Manufacturing","Technology and smart cities","Communications","","",""
"SL0314","Technology and smart cities : Communications : Convergent","Science and Technology","Technology and Advanced Manufacturing","Technology and smart cities","Communications","Convergent","",""
"SL0315","Technology and smart cities : Communications : Fixed line","Science and Technology","Technology and Advanced Manufacturing","Technology and smart cities","Communications","Fixed line","",""
"SL0317","Technology and smart cities : Communications : Mobile","Science and Technology","Technology and Advanced Manufacturing","Technology and smart cities","Communications","Mobile","",""
"SL0318","Technology and smart cities : Communications : Wireless","Science and Technology","Technology and Advanced Manufacturing","Technology and smart cities","Communications","Wireless","",""
"SL0319","Technology and smart cities : Communications : Wireless internet of things","Science and Technology","Technology and Advanced Manufacturing","Technology and smart cities","Communications","Wireless internet of things","",""
"SL0320","Technology and smart cities : Hardware","Science and Technology","Technology and Advanced Manufacturing","Technology and smart cities","Hardware","","",""
"SL0322","Technology and smart cities : Hardware : Data centres","Science and Technology","Technology and Advanced Manufacturing","Technology and smart cities","Hardware","Data centres","",""
"SL0323","Technology and smart cities : Hardware : Internet of things","Science and Technology","Technology and Advanced Manufacturing","Technology and smart cities","Hardware","Internet of things","",""
"SL0324","Technology and smart cities : Hardware : Photonics","Science and Technology","Technology and Advanced Manufacturing","Technology and smart cities","Hardware","Photonics","",""
"SL0325","Technology and smart cities : Hardware : Semiconductors","Science and Technology","Technology and Advanced Manufacturing","Technology and smart cities","Hardware","Semiconductors","",""
"SL0326","Technology and smart cities : Hardware : Sensors","Science and Technology","Technology and Advanced Manufacturing","Technology and smart cities","Hardware","Sensors","",""
"SL0327","Technology and smart cities : Hardware : Telecommunications and electronics systems","Science and Technology","Technology and Advanced Manufacturing","Technology and smart cities","Hardware","Telecommunications and electronics systems","",""
"SL0349","Technology and smart cities : Software","Science and Technology","Technology and Advanced Manufacturing","Technology and smart cities","Software","","",""
"SL0329","Technology and smart cities : Software : Artificial intelligence","Science and Technology","Technology and Advanced Manufacturing","Technology and smart cities","Software","Artificial intelligence","",""
"SL0330","Technology and smart cities : Software : Blockchain","Science and Technology","Technology and Advanced Manufacturing","Technology and smart cities","Software","Blockchain","",""
"SL0331","Technology and smart cities : Software : Cloud services","Science and Technology","Technology and Advanced Manufacturing","Technology and smart cities","Software","Cloud services","",""
"SL0332","Technology and smart cities : Software : Data analytics","Science and Technology","Technology and Advanced Manufacturing","Technology and smart cities","Software","Data analytics","",""
"SL0333","Technology and smart cities : Software : Internet of things","Science and Technology","Technology and Advanced Manufacturing","Technology and smart cities","Software","Internet of things","",""
"SL0334","Technology and smart cities : Software : Sensors","Science and Technology","Technology and Advanced Manufacturing","Technology and smart cities","Software","Sensors","",""
"SL0335","Technology and smart cities : Software : Software as a service","Science and Technology","Technology and Advanced Manufacturing","Technology and smart cities","Software","Software as a service","",""
"SL0377","Technology and smart cities : Hardware : Robotics","Science and Technology","Technology and Advanced Manufacturing","Technology and smart cities","Hardware","Robotics","01/04/2021",""
"SL0337","Water","Sustainability and Infrastructure","Energy and infrastructure","Water","","","",""
"SL0338","Water : Flood resilience","Sustainability and Infrastructure","Energy and infrastructure","Water","Flood resilience","","",""
"SL0339","Water : Wastewater management","Sustainability and Infrastructure","Energy and infrastructure","Water","Wastewater management","","",""
"SL0340","Water : Water management","Sustainability and Infrastructure","Energy and infrastructure","Water","Water management","","",""
"SL0350","Water : Sewage management","Sustainability and Infrastructure","Energy and infrastructure","Water","Sewage management","","01/04/2021",""
"SL0351","Water : Digital water","Sustainability and Infrastructure","Energy and infrastructure","Water","Digital water","","01/04/2021",""
